{
   "normalization": {
      "x_mean": [
         -2.780316025904897e-06,
         2.132695622249823e-05,
         -1.407333231192335e-05,
         -8.093396664300925e-06,
         1.7781874733853796e-05,
         2.015569872249823e-05,
         2.9441069907735984e-05,
         1.3030545777146913e-05,
         1.6450754790631655e-05,
         0.00021428477643718947,
         0.00024836046841731724,
         0.0002647206884315117,
         0.0002569814407381121,
         0.00024120690205819728,
         0.00017283434350603267,
         0.00020780446061036196,
         0.00024317675656493966,
         0.00015056693399574168,
         0.00016793404009936126
      ],
      "x_std": [
         5.687967971370526e-06,
         2.6753664629745407e-05,
         1.0034753248191586e-05,
         2.5286812867034112e-05,
         4.338995910493334e-06,
         3.442675503360592e-06,
         8.488622005791853e-06,
         1.7493235157650626e-06,
         7.227887093417287e-06,
         1.77912705258239e-05,
         3.538900693701116e-05,
         4.371985589877843e-05,
         4.34524429813452e-05,
         5.5647668340652255e-05,
         3.5008532901529735e-05,
         3.150909327856155e-05,
         2.344574318530673e-05,
         5.283205420844638e-05,
         8.310795383420701e-05
      ],
      "y_norm": -41.9
   },
   "test_data": {
      "labels": [
         -12.502,
         -29.5,
         -41.9
      ]
   },
   "Linear_Regression": {
      "coeffs": [
         0.472528990245117,
         -0.028190089418696586,
         0.21563941762700584,
         -0.019048201378538184,
         0.14112853357343477,
         -0.04092793168207134,
         0.005673110225229361,
         0.012322901793370316,
         0.013032116371138108,
         -0.09365253667591583,
         0.0010484498392636247,
         0.0007604818083915185,
         0.006763377380693124,
         -0.010127828037908921,
         0.00047487396899372316,
         -0.0009133245063685148,
         -0.021356107675949452,
         0.024036517213721048,
         -0.005907126538193639,
         0.024642059187975122
      ]
   },
   "Ridge_Regression": {
      "alpha": 68.66488450042998,
      "coeffs": [
         0.472528990245117,
         -0.02487073911637287,
         0.15716101506867472,
         0.017461744774410076,
         0.07618191150903839,
         -0.04473897291882925,
         0.0038808993071749033,
         0.026281237086796607,
         0.0020388005180467885,
         -0.03253592218964086,
         -0.0002471067497541684,
         0.004179051759310687,
         0.005364803228003222,
         -0.009246824259290668,
         0.0023578501337636437,
         -0.013526063169195812,
         -0.024848502835252178,
         0.030626222903992684,
         -0.00918342033818646,
         0.046038502931034904
      ]
   },
   "Lasso_Regression": {
      "alpha": 0.008286427728546842,
      "coeffs": [
         0.472528990245117,
         -0.012412930093444416,
         0.2174404692520954,
         0.0,
         0.06465397975174045,
         -0.04411677561920711,
         -0.0,
         0.0,
         0.0,
         0.0,
         0.0,
         0.0,
         0.00093165934182526,
         0.0,
         0.0,
         -0.0029936599011740964,
         -0.0,
         0.010613116725748663,
         -0.0,
         0.0
      ]
   }
}