{"RMSE_train_Ridge": [1.0920399494021136, 1.0920399494066177, 1.0920399494205282, 1.0920399494634823, 1.0920399495960962, 1.0920399500053615, 1.0920399512675816, 1.0920399551559006, 1.0920399671097183, 1.0920400037289033, 1.0920401152153816, 1.0920404510145323, 1.092041444038706, 1.0920442912501291, 1.0920520531559341, 1.0920716140850004, 1.0921155901159396, 1.0922005872547098, 1.0923381051238494, 1.0925242399190194, 1.0927454640290588, 1.0930060136297322, 1.0933599066146265, 1.0939361861751467, 1.0949609644892686, 1.0967699685086758, 1.099798367333431, 1.104562653195064, 1.111708902608841, 1.122113443996843, 1.136817190553699, 1.1568049333449575, 1.1829621782232982, 1.2165873676652026, 1.2606397138802943, 1.320788759852207, 1.4044541978186849, 1.5172333743213575, 1.6592496124850338, 1.8248292050265746, 2.0068188232811237, 2.2107112551615478, 2.4816072138406566, 2.9301095782794135, 3.717246264271117, 4.959548848171641, 6.611837824212284, 8.443781945066034, 10.151589087256033, 11.520468286879368], "RMSE_test_Ridge": [2.614229301662753, 2.6142290028815167, 2.6142284777863276, 2.614227554988061, 2.61422593334363, 2.614223083857561, 2.614218077611004, 2.614209284487377, 2.614193847104345, 2.614166766657709, 2.6141193274323067, 2.614036418829791, 2.6138920833067334, 2.6136423522193373, 2.6132141517076217, 2.6124884354412603, 2.611273104292989, 2.609253999183122, 2.6059030665361798, 2.6003273451786786, 2.591075462789515, 2.5759843958966315, 2.5522710505863744, 2.5171837664596106, 2.469248544778315, 2.4093909361890717, 2.3411660373863614, 2.2703465621757912, 2.2044593316170285, 2.1521912081275896, 2.120863391798025, 2.1102278186461194, 2.1066030463708008, 2.085621738025729, 2.0263346754358675, 1.9285285461039081, 1.8216535554702205, 1.7570097824801116, 1.7814835540308005, 1.9164956382466414, 2.164876503762715, 2.528185125818283, 3.0220036649171176, 3.6920564361256965, 4.620649835047716, 5.889026729632748, 7.481593608681168, 9.22025686741282, 10.838471123461375, 12.137424712553159], "RMSE_val_Ridge": [1.1804138412579361, 1.1804138783059879, 1.1804139434145058, 1.180414057830459, 1.180414258879893, 1.1804146121086359, 1.1804152325481334, 1.1804163218538941, 1.1804182328530486, 1.1804215807570357, 1.180427431761581, 1.180437613541342, 1.1804551974454003, 1.1804851581922475, 1.18053500671378, 1.180614588727356, 1.180733191524743, 1.1808919520191286, 1.1810737891975105, 1.181241656020038, 1.1813583162261054, 1.1814282584972957, 1.1815477464810331, 1.1819513264178014, 1.1830378239555523, 1.1853199657055231, 1.1892564799322551, 1.1950818455140189, 1.202870026740246, 1.2128246554342688, 1.225470158849032, 1.2416895112001292, 1.2628431236315478, 1.2911426079965211, 1.3303734168224908, 1.3864218502433088, 1.4663328249313734, 1.5753589990854227, 1.714008805019141, 1.877785488864884, 2.061067316814674, 2.271105421144891, 2.555083485827831, 3.0249908662902674, 3.8407513298531675, 5.116430283507023, 6.804932033905177, 8.673143768306549, 10.413285321048367, 11.807583135513616], "RMSE_train_Lasso": [1.1031449258790385, 1.1029190279675947, 1.1025975005669295, 1.1022831689464787, 1.102275522882797, 1.1037596374744882, 1.1090891158891203, 1.1194423069191617, 1.1366271745346574, 1.161369437383253, 1.1892830478249459, 1.209055403541266, 1.259921737740111, 1.369032674573982, 1.451151203655121, 1.5354264446337853, 1.6423761442998337, 1.8556013539526137, 2.171106984259419, 2.736115514991413, 3.891059298767556, 6.2265169595650685, 10.476448915345475, 14.088076502055195, 14.088076502055195, 14.088076502055195, 14.088076502055195, 14.088076502055195, 14.088076502055195, 14.088076502055195, 14.088076502055195, 14.088076502055195, 14.088076502055195, 14.088076502055195, 14.088076502055195, 14.088076502055195, 14.088076502055195, 14.088076502055195, 14.088076502055195, 14.088076502055195, 14.088076502055195, 14.088076502055195, 14.088076502055195, 14.088076502055195, 14.088076502055195, 14.088076502055195, 14.088076502055195, 14.088076502055195, 14.088076502055195, 14.088076502055195], "RMSE_test_Lasso": [2.279077899500156, 2.2819264524449485, 2.2872485104974922, 2.2869311707515574, 2.275546506621492, 2.2358605809704937, 2.1774790361263485, 2.079312212836243, 1.9368130803250099, 1.8747385621694241, 1.7992620337643257, 1.753318410283182, 1.7064663818351362, 1.5553262178529088, 1.4032429635507904, 1.4790423968740352, 1.5044006637193268, 1.7056220153399344, 2.0211728956749444, 2.7568044011361863, 4.073406916453866, 6.6831665700733955, 10.986011193797712, 14.580291777863833, 14.580291777863833, 14.580291777863833, 14.580291777863833, 14.580291777863833, 14.580291777863833, 14.580291777863833, 14.580291777863833, 14.580291777863833, 14.580291777863833, 14.580291777863833, 14.580291777863833, 14.580291777863833, 14.580291777863833, 14.580291777863833, 14.580291777863833, 14.580291777863833, 14.580291777863833, 14.580291777863833, 14.580291777863833, 14.580291777863833, 14.580291777863833, 14.580291777863833, 14.580291777863833, 14.580291777863833, 14.580291777863833, 14.580291777863833], "RMSE_val_Lasso": [1.1897525756040173, 1.1894841752037961, 1.189073070435162, 1.1892833586921199, 1.1906655077152226, 1.1944305434737885, 1.2010854701910594, 1.2123374499523398, 1.226584211881167, 1.2431296732323995, 1.2617878988952247, 1.278979709554172, 1.3233684956913478, 1.4241556905548272, 1.508080032512674, 1.6007642712531622, 1.715338695131433, 1.9312186069555388, 2.2705131576437285, 2.8714426265812807, 4.068722307131352, 6.4509877430539575, 10.7624384544614, 14.422263091629151, 14.422263091629151, 14.422263091629151, 14.422263091629151, 14.422263091629151, 14.422263091629151, 14.422263091629151, 14.422263091629151, 14.422263091629151, 14.422263091629151, 14.422263091629151, 14.422263091629151, 14.422263091629151, 14.422263091629151, 14.422263091629151, 14.422263091629151, 14.422263091629151, 14.422263091629151, 14.422263091629151, 14.422263091629151, 14.422263091629151, 14.422263091629151, 14.422263091629151, 14.422263091629151, 14.422263091629151, 14.422263091629151, 14.422263091629151], "alphas": [1e-06, 1.757510624854793e-06, 3.0888435964774785e-06, 5.428675439323859e-06, 9.540954763499944e-06, 1.67683293681101e-05, 2.94705170255181e-05, 5.1794746792312125e-05, 9.102981779915228e-05, 0.00015998587196060574, 0.0002811768697974231, 0.0004941713361323833, 0.000868511373751352, 0.0015264179671752333, 0.0026826957952797246, 0.004714866363457394, 0.008286427728546842, 0.014563484775012445, 0.025595479226995333, 0.04498432668969444, 0.07906043210907701, 0.1389495494373136, 0.244205309454865, 0.42919342601287785, 0.7543120063354607, 1.325711365590108, 2.329951810515372, 4.094915062380427, 7.196856730011514, 12.648552168552959, 22.229964825261955, 39.06939937054613, 68.66488450042998, 120.67926406393264, 212.09508879201925, 372.7593720314938, 655.1285568595496, 1151.3953993264481, 2023.5896477251556, 3556.4803062231213, 6250.551925273976, 10985.411419875572, 19306.977288832455, 33932.217718953296, 59636.23316594637, 104811.3134154683, 184206.99693267164, 323745.754281764, 568986.6029018281, 1000000.0],