{"RMSE_train_Ridge": [1.1822919676116754, 1.1822919676116754, 1.1822919676116757, 1.1822919676116763, 1.1822919676116783, 1.1822919676116848, 1.182291967611704, 1.1822919676117645, 1.1822919676119512, 1.1822919676125279, 1.1822919676143089, 1.1822919676198098, 1.182291967636801, 1.1822919676892822, 1.1822919678513801, 1.1822919683520263, 1.1822919698981798, 1.182291974672572, 1.1822919894121413, 1.182292034898171, 1.1822921751687936, 1.1822926072060578, 1.1822939350283648, 1.1822980006206794, 1.1823103676057365, 1.1823475634757001, 1.182457302724106, 1.182770842692512, 1.183621656300092, 1.185756810490107, 1.1905637788665635, 1.2000406216194872, 1.2163704536687363, 1.2417863082776701, 1.2795861295657072, 1.335360879160976, 1.416166546902804, 1.526981016937308, 1.6673754403039953, 1.831566462376319, 2.012572382235571, 2.21609714424368, 2.4876454685079437, 2.938605168188315, 3.7309064083644214, 4.981631190838348, 6.645602554815025, 8.491530856782747, 10.213557778161855, 11.594723425760211], "RMSE_test_Ridge": [1.87925435879345, 1.8792543663830938, 1.879254379721972, 1.8792544031651883, 1.8792544443668848, 1.8792545167792891, 1.8792546440448057, 1.8792548677151315, 1.8792552608175863, 1.879255951697728, 1.879257165921972, 1.8792592999187028, 1.8792630503934393, 1.8792696417468733, 1.8792812256703306, 1.8793015831482864, 1.8793373573372436, 1.879400217590996, 1.879510654200713, 1.8797046212936717, 1.880045130450633, 1.880642376366462, 1.881688340484515, 1.8835152666186805, 1.8866913622682078, 1.8921680007752033, 1.901477967473941, 1.916919069515522, 1.941470867341545, 1.9778263600443493, 2.025632310960703, 2.076937724663179, 2.1131078295850863, 2.1092989306799446, 2.048419456614673, 1.936991154999713, 1.8121376905734348, 1.731720192556921, 1.7466931315760428, 1.8794904527144547, 2.130547719695851, 2.4969076413625237, 2.990514173244694, 3.655950600644235, 4.576471575715006, 5.8354230050956755, 7.419509790260536, 9.152179276696213, 10.76714648687917, 12.064849322361086], "RMSE_val_Ridge": [1.210346864721178, 1.2103468646212827, 1.2103468644457158, 1.2103468641371553, 1.2103468635948578, 1.2103468626417673, 1.21034686096671, 1.2103468580228067, 1.2103468528489516, 1.2103468437561138, 1.2103468277761806, 1.210346799693827, 1.2103467503466676, 1.210346663642833, 1.2103465113350445, 1.2103462438844963, 1.2103457745537716, 1.2103449519120648, 1.2103435129377695, 1.2103410049843653, 1.2103366621206924, 1.2103292290783947, 1.210316777329367, 1.210296758706716, 1.2102672071643281, 1.2102319814943667, 1.210218220230608, 1.2103259329219, 1.210847218184611, 1.212490019785042, 1.2166409483180336, 1.2253859985053053, 1.2410756879439482, 1.266026869501106, 1.3033195520226832, 1.3580523654104864, 1.4368088176525082, 1.5442498517053886, 1.6796815254113457, 1.8371800065515864, 2.0097686761681777, 2.2029621918839273, 2.4619642848152594, 2.8986059162733215, 3.675927740291536, 4.910929203242855, 6.5574770943273695, 8.384931777148273, 10.089750738463415, 11.457025471279477], "RMSE_train_Lasso": [1.1822931905313503, 1.1822957450152014, 1.1823036353814345, 1.1823280071561235, 1.182400346295573, 1.1826169128947788, 1.183285602948581, 1.1853074696141568, 1.1911120154547938, 1.2077627723281228, 1.2397666706905794, 1.292166231184652, 1.3489459858284052, 1.4337530941614998, 1.487087744370639, 1.5940834094483196, 1.7843616804436844, 2.05075068782798, 2.319609781713449, 2.5913484734752137, 2.698372038706613, 2.8197964622661815, 3.051733330038407, 3.676892487838382, 5.149042797686474, 8.163718874424605, 13.806263698274655, 14.18759544062999, 14.18759544062999, 14.18759544062999, 14.18759544062999, 14.18759544062999, 14.18759544062999, 14.18759544062999, 14.18759544062999, 14.18759544062999, 14.18759544062999, 14.18759544062999, 14.18759544062999, 14.18759544062999, 14.18759544062999, 14.18759544062999, 14.18759544062999, 14.18759544062999, 14.18759544062999, 14.18759544062999, 14.18759544062999, 14.18759544062999, 14.18759544062999, 14.18759544062999], "RMSE_test_Lasso": [1.8818057826195604, 1.8837410531692256, 1.8871475791859413, 1.8931507577794124, 1.9038180646920353, 1.9228335906130052, 1.956702063001288, 2.015182468762992, 2.097190362775004, 2.216775092430418, 2.330495860366476, 2.4522849280021894, 2.4085000814986035, 2.2248374718443955, 2.225220426868903, 2.28380268856767, 2.2430068404298686, 2.399130129579718, 2.8507073160793293, 3.4790651438566416, 3.398157543872321, 3.467303281831941, 3.7702932103158653, 4.443191982049761, 5.8840763545326125, 8.759828705100361, 14.143712127451922, 14.508226993893881, 14.508226993893881, 14.508226993893881, 14.508226993893881, 14.508226993893881, 14.508226993893881, 14.508226993893881, 14.508226993893881, 14.508226993893881, 14.508226993893881, 14.508226993893881, 14.508226993893881, 14.508226993893881, 14.508226993893881, 14.508226993893881, 14.508226993893881, 14.508226993893881, 14.508226993893881, 14.508226993893881, 14.508226993893881, 14.508226993893881, 14.508226993893881, 14.508226993893881], "RMSE_val_Lasso": [1.2103496554907738, 1.2103534091256447, 1.2103634312045994, 1.2103916241547072, 1.210492343430958, 1.210794302935046, 1.2116050704469026, 1.2137026055866718, 1.218573299188354, 1.2331450172132068, 1.26287489444549, 1.3191207555669608, 1.3818359446883386, 1.4694197914677214, 1.5212415155420607, 1.6174045095076024, 1.7954276208462878, 2.053051792186461, 2.2991142722266718, 2.544161732152388, 2.6405620212894823, 2.7578102184988356, 2.9884632685109587, 3.610358242833759, 5.072266430408705, 8.060122446915015, 13.646173120461286, 14.023574588075926, 14.023574588075926, 14.023574588075926, 14.023574588075926, 14.023574588075926, 14.023574588075926, 14.023574588075926, 14.023574588075926, 14.023574588075926, 14.023574588075926, 14.023574588075926, 14.023574588075926, 14.023574588075926, 14.023574588075926, 14.023574588075926, 14.023574588075926, 14.023574588075926, 14.023574588075926, 14.023574588075926, 14.023574588075926, 14.023574588075926, 14.023574588075926, 14.023574588075926], "alphas": [1e-06, 1.757510624854793e-06, 3.0888435964774785e-06, 5.428675439323859e-06, 9.540954763499944e-06, 1.67683293681101e-05, 2.94705170255181e-05, 5.1794746792312125e-05, 9.102981779915228e-05, 0.00015998587196060574, 0.0002811768697974231, 0.0004941713361323833, 0.000868511373751352, 0.0015264179671752333, 0.0026826957952797246, 0.004714866363457394, 0.008286427728546842, 0.014563484775012445, 0.025595479226995333, 0.04498432668969444, 0.07906043210907701, 0.1389495494373136, 0.244205309454865, 0.42919342601287785, 0.7543120063354607, 1.325711365590108, 2.329951810515372, 4.094915062380427, 7.196856730011514, 12.648552168552959, 22.229964825261955, 39.06939937054613, 68.66488450042998, 120.67926406393264, 212.09508879201925, 372.7593720314938, 655.1285568595496, 1151.3953993264481, 2023.5896477251556, 3556.4803062231213, 6250.551925273976, 10985.411419875572, 19306.977288832455, 33932.217718953296, 59636.23316594637, 104811.3134154683, 184206.99693267164, 323745.754281764, 568986.6029018281, 1000000.0],