{"RMSE_train_Ridge": [1.166418425944639, 1.1664184259502721, 1.166418425967669, 1.1664184260213915, 1.1664184261872583, 1.1664184266991957, 1.1664184282783259, 1.1664184331442913, 1.1664184481112023, 1.166418494001135, 1.1664186339283837, 1.1664190565320574, 1.1664203121464896, 1.1664239416322917, 1.1664339740615226, 1.1664598453430743, 1.16652017561154, 1.166643269764747, 1.1668571905610985, 1.1671701075756213, 1.1675603786028506, 1.167996001178715, 1.1684719943656168, 1.1690382562639823, 1.1698167217828728, 1.1710356546416947, 1.1730905456939271, 1.1766171979308697, 1.1826096810848552, 1.1925473281165049, 1.208215978481775, 1.231020563630476, 1.261334880431051, 1.2989633396075784, 1.3450947983116062, 1.404200480812438, 1.4835456624485084, 1.5900083932172975, 1.7261547153589245, 1.887987691746704, 2.068175129500432, 2.2720113594391567, 2.5466030424537878, 3.006320928265271, 3.813671020659374, 5.079847584515579, 6.748907701227573, 8.581820810681492, 10.27516007701497, 11.622210423256394], "RMSE_test_Ridge": [1.2733202541126956, 1.273319853565325, 1.2733191496763003, 1.273317912825189, 1.2733157397921784, 1.2733119229652747, 1.2733052219468515, 1.2732934667113611, 1.2732728740626598, 1.2732368887098764, 1.2731742741135252, 1.2730661339066527, 1.2728817520799383, 1.2725741708629994, 1.2720794016634633, 1.2713289401171106, 1.270290036270027, 1.2690361105990922, 1.26780285595728, 1.2669408090898222, 1.2667433863234454, 1.2672816323365232, 1.26835278841515, 1.2695185545938446, 1.2703224735195888, 1.2707865489799537, 1.271821506630888, 1.275167614064149, 1.2833550601138501, 1.3004490687029093, 1.3328311977938196, 1.387402245300072, 1.466156362265108, 1.561568391454606, 1.6590342369850681, 1.7461232920056446, 1.8230471537328568, 1.9079237306903558, 2.0311876176115597, 2.22250468109841, 2.500664867283138, 2.8761563007092033, 3.3686468839677683, 4.027683408668113, 4.93881721776326, 6.183527220840167, 7.742780837370396, 9.436081391687194, 11.001582660424072, 12.250302822644203], "RMSE_val_Ridge": [1.138690177216628, 1.1386901037654387, 1.1386899746908585, 1.1386897478932163, 1.138689349454746, 1.1386886496922075, 1.1386874213846077, 1.1386852673414742, 1.1386814960974145, 1.1386749125290627, 1.138663477032059, 1.1386437858030412, 1.1386103789881843, 1.1385550981392771, 1.1384672483797629, 1.1383361052606413, 1.138157204738501, 1.1379405936431208, 1.137714260397556, 1.1375192160813086, 1.1374056707558349, 1.1374397426498657, 1.1377144328014634, 1.1383591589610957, 1.1395523065044526, 1.141533362430585, 1.144587297002409, 1.1490118915090661, 1.1552302023633996, 1.1641335642516737, 1.1772877505613362, 1.1965979287282416, 1.2236970686536026, 1.2599396523857072, 1.3076235447519042, 1.3714073929779969, 1.4578744696920354, 1.5728636587481606, 1.718015557738009, 1.8886291338715946, 2.077080677629183, 2.2891923884501177, 2.5733936315403296, 3.0452439818129085, 3.867128007725024, 5.149368956357707, 6.835416584845507, 8.68516163987579, 10.393429474808856, 11.75217248611116], "RMSE_train_Lasso": [1.1734005632144917, 1.1732939826566495, 1.1731556843406423, 1.1730708813320991, 1.1732865599844393, 1.1748447715739532, 1.1788544919165609, 1.187358592861197, 1.2044249614271765, 1.2313130666953667, 1.2596740846955459, 1.2801152488523542, 1.3258399396792435, 1.4205089006295641, 1.4842991056783654, 1.5632394584573956, 1.6695370758321506, 1.8678893469214821, 2.1735852437664804, 2.73576468049878, 3.8901458140685525, 6.225662804602069, 10.474581640039329, 14.12511867542677, 14.12511867542677, 14.12511867542677, 14.12511867542677, 14.12511867542677, 14.12511867542677, 14.12511867542677, 14.12511867542677, 14.12511867542677, 14.12511867542677, 14.12511867542677, 14.12511867542677, 14.12511867542677, 14.12511867542677, 14.12511867542677, 14.12511867542677, 14.12511867542677, 14.12511867542677, 14.12511867542677, 14.12511867542677, 14.12511867542677, 14.12511867542677, 14.12511867542677, 14.12511867542677, 14.12511867542677, 14.12511867542677, 14.12511867542677], "RMSE_test_Lasso": [1.2689244785736211, 1.268974238430839, 1.2694243607085431, 1.2702194960806268, 1.2715112813394038, 1.2804778654608857, 1.3057954454728828, 1.32198086402926, 1.3197163980274091, 1.3765469716503933, 1.4888706043301965, 1.570420397258754, 1.6336262016013783, 1.6742481044733617, 1.6729582368919236, 1.7411509221983426, 1.6814010221925129, 1.7057542594139445, 2.01753253521675, 2.7532821420673663, 4.061094543471894, 6.666395209148954, 10.952363485272189, 14.578914553688557, 14.578914553688557, 14.578914553688557, 14.578914553688557, 14.578914553688557, 14.578914553688557, 14.578914553688557, 14.578914553688557, 14.578914553688557, 14.578914553688557, 14.578914553688557, 14.578914553688557, 14.578914553688557, 14.578914553688557, 14.578914553688557, 14.578914553688557, 14.578914553688557, 14.578914553688557, 14.578914553688557, 14.578914553688557, 14.578914553688557, 14.578914553688557, 14.578914553688557, 14.578914553688557, 14.578914553688557, 14.578914553688557, 14.578914553688557], "RMSE_val_Lasso": [1.1433615891708002, 1.143150622563178, 1.1428590326272867, 1.1426690961665895, 1.1431635609676736, 1.1472396879778755, 1.1539945005443766, 1.1662522037876153, 1.1862575474561246, 1.2119934701997594, 1.243548749457197, 1.2667328446683657, 1.3169166169968578, 1.419471847318859, 1.5020033242490953, 1.590732582295212, 1.7054683151104923, 1.9184973906902103, 2.236363381070381, 2.8165956372426812, 3.99237700058546, 6.356008104630255, 10.616801430487639, 14.276626937505648, 14.276626937505648, 14.276626937505648, 14.276626937505648, 14.276626937505648, 14.276626937505648, 14.276626937505648, 14.276626937505648, 14.276626937505648, 14.276626937505648, 14.276626937505648, 14.276626937505648, 14.276626937505648, 14.276626937505648, 14.276626937505648, 14.276626937505648, 14.276626937505648, 14.276626937505648, 14.276626937505648, 14.276626937505648, 14.276626937505648, 14.276626937505648, 14.276626937505648, 14.276626937505648, 14.276626937505648, 14.276626937505648, 14.276626937505648], "alphas": [1e-06, 1.757510624854793e-06, 3.0888435964774785e-06, 5.428675439323859e-06, 9.540954763499944e-06, 1.67683293681101e-05, 2.94705170255181e-05, 5.1794746792312125e-05, 9.102981779915228e-05, 0.00015998587196060574, 0.0002811768697974231, 0.0004941713361323833, 0.000868511373751352, 0.0015264179671752333, 0.0026826957952797246, 0.004714866363457394, 0.008286427728546842, 0.014563484775012445, 0.025595479226995333, 0.04498432668969444, 0.07906043210907701, 0.1389495494373136, 0.244205309454865, 0.42919342601287785, 0.7543120063354607, 1.325711365590108, 2.329951810515372, 4.094915062380427, 7.196856730011514, 12.648552168552959, 22.229964825261955, 39.06939937054613, 68.66488450042998, 120.67926406393264, 212.09508879201925, 372.7593720314938, 655.1285568595496, 1151.3953993264481, 2023.5896477251556, 3556.4803062231213, 6250.551925273976, 10985.411419875572, 19306.977288832455, 33932.217718953296, 59636.23316594637, 104811.3134154683, 184206.99693267164, 323745.754281764, 568986.6029018281, 1000000.0],