{"RMSE_train_Ridge": [1.2594616282227598, 1.2594616282227598, 1.2594616282227598, 1.2594616282227604, 1.2594616282227626, 1.2594616282227689, 1.259461628222789, 1.259461628222851, 1.2594616282230418, 1.259461628223631, 1.2594616282254514, 1.2594616282310747, 1.2594616282484428, 1.259461628302089, 1.2594616284677846, 1.2594616289795448, 1.2594616305600288, 1.2594616354404709, 1.2594616505076563, 1.2594616970058823, 1.2594618404043052, 1.2594622821096433, 1.2594636398301697, 1.2594677979469544, 1.2594804515144702, 1.2595185355139367, 1.2596310224636327, 1.2599529860908822, 1.260828911997304, 1.2630341548198527, 1.2680135293499804, 1.277836345428669, 1.2946813594808344, 1.320558400151018, 1.35824721537331, 1.4126099732236934, 1.490251281023661, 1.597050487234425, 1.7347787473430036, 1.89871415752444, 2.08062733336526, 2.2849967177161616, 2.558513702675888, 3.0157128983099657, 3.8199356509410523, 5.083203942875037, 6.7496414555055395, 8.579964543506229, 10.270781019290629, 11.615642491437821], "RMSE_test_Ridge": [1.4067738289812024, 1.4067738306612128, 1.406773833613848, 1.4067738388031383, 1.4067738479233718, 1.406773863952283, 1.4067738921232784, 1.4067739416341414, 1.4067740286501331, 1.4067741815820443, 1.4067744503626836, 1.4067749227511548, 1.4067757529901617, 1.4067772121787867, 1.4067797768256225, 1.4067842845511291, 1.4067922079500426, 1.4068061365672624, 1.4068306260092207, 1.4068736965241917, 1.4069494859757306, 1.4070829710977555, 1.40731844253955, 1.4077349280497515, 1.4084748265864724, 1.409798417891947, 1.4121899539438676, 1.4165637988105695, 1.4246387274115389, 1.4394789790083082, 1.4658131273666481, 1.5089869199083177, 1.571582075325748, 1.649668092862971, 1.7330855756454708, 1.8113668680042587, 1.8833219324873574, 1.9645196416399957, 2.0839432170909675, 2.27075150992544, 2.5429699657340623, 2.9100498333699845, 3.391116283928136, 4.03624551041522, 4.93263131848491, 6.16368817485168, 7.711503602399128, 9.395715315621844, 10.954261028134061, 12.197933649325785], "RMSE_val_Ridge": [1.1866908733616726, 1.1866908737558204, 1.186690874448539, 1.1866908756659993, 1.1866908778056997, 1.1866908815662482, 1.186690888175459, 1.1866908997912384, 1.1866909202061595, 1.186690956085802, 1.1866910191452795, 1.1866911299749088, 1.1866913247651143, 1.1866916671293612, 1.1866922688949653, 1.186693326679827, 1.1866951862896198, 1.186698456245708, 1.1867042083878458, 1.1867143337469126, 1.1867321781539866, 1.186763690335742, 1.1868195334694414, 1.1869190752062706, 1.1870982057520143, 1.18742528008991, 1.1880345393621656, 1.1891952413494555, 1.1914407677521317, 1.1957471977629106, 1.2035969278929528, 1.2165727900020522, 1.2355594547826447, 1.2609302339487132, 1.2947536276804812, 1.3428194826046078, 1.4135835870396378, 1.5146762377583518, 1.649241325234071, 1.8133926861227265, 1.9987167150457443, 2.208876675423981, 2.490892092176245, 2.962192634779838, 3.7898555501917746, 5.086523532173953, 6.793124336211, 8.664920674339577, 10.392736980836107, 11.766481748883226], "RMSE_train_Lasso": [1.2594627213647491, 1.2594650047643332, 1.259472057802375, 1.2594933032580564, 1.25955603203802, 1.259749771703379, 1.2603480151609336, 1.2619843629642713, 1.2664170775713353, 1.2779985790720485, 1.307431133853539, 1.357565441607596, 1.4148224677286267, 1.4848244678840998, 1.5858975606023298, 1.6767463070424162, 1.8801569148268014, 2.013266426131873, 2.291945340989887, 2.6355893757484243, 2.74023282830523, 2.8950725006365965, 3.1295439128500107, 3.762624954826292, 5.2568909336728895, 8.322557541138464, 14.066048259655004, 14.113956385868967, 14.113956385868967, 14.113956385868967, 14.113956385868967, 14.113956385868967, 14.113956385868967, 14.113956385868967, 14.113956385868967, 14.113956385868967, 14.113956385868967, 14.113956385868967, 14.113956385868967, 14.113956385868967, 14.113956385868967, 14.113956385868967, 14.113956385868967, 14.113956385868967, 14.113956385868967, 14.113956385868967, 14.113956385868967, 14.113956385868967, 14.113956385868967, 14.113956385868967], "RMSE_test_Lasso": [1.4077404956922923, 1.4084758669373834, 1.4097747706534827, 1.411982170067376, 1.415541027932726, 1.42196730168218, 1.4337834363621138, 1.4514061340092153, 1.4865528842554394, 1.5693477441264483, 1.691704312491706, 1.8272178411881408, 2.0061637580345644, 2.134881077650598, 2.197395984770024, 2.103296897807839, 2.100144090569962, 2.406243642612748, 3.0107801944391555, 3.7353115543540016, 3.6219384162475015, 3.649504433139683, 3.974657591309915, 4.6747041287693545, 6.143250115048501, 9.047736193442578, 14.472348543936139, 14.517653414454582, 14.517653414454582, 14.517653414454582, 14.517653414454582, 14.517653414454582, 14.517653414454582, 14.517653414454582, 14.517653414454582, 14.517653414454582, 14.517653414454582, 14.517653414454582, 14.517653414454582, 14.517653414454582, 14.517653414454582, 14.517653414454582, 14.517653414454582, 14.517653414454582, 14.517653414454582, 14.517653414454582, 14.517653414454582, 14.517653414454582, 14.517653414454582, 14.517653414454582], "RMSE_val_Lasso": [1.1868078051566449, 1.1868979296756048, 1.1870595550139467, 1.187335026055761, 1.1877742428821567, 1.1886322437863548, 1.190405392829567, 1.1939850335169784, 1.2016066598664834, 1.2177546275249627, 1.253854755073651, 1.3075154755276461, 1.3583968617363837, 1.4235680485158886, 1.5199902952615534, 1.6072064436263969, 1.8056890293053443, 1.936066415939592, 2.229024420467271, 2.5913802525708216, 2.6815496396698, 2.825980024388485, 3.062666404234142, 3.7130627228271162, 5.251475453391298, 8.395901325744301, 14.268700920322413, 14.317644741300779, 14.317644741300779, 14.317644741300779, 14.317644741300779, 14.317644741300779, 14.317644741300779, 14.317644741300779, 14.317644741300779, 14.317644741300779, 14.317644741300779, 14.317644741300779, 14.317644741300779, 14.317644741300779, 14.317644741300779, 14.317644741300779, 14.317644741300779, 14.317644741300779, 14.317644741300779, 14.317644741300779, 14.317644741300779, 14.317644741300779, 14.317644741300779, 14.317644741300779], "alphas": [1e-06, 1.757510624854793e-06, 3.0888435964774785e-06, 5.428675439323859e-06, 9.540954763499944e-06, 1.67683293681101e-05, 2.94705170255181e-05, 5.1794746792312125e-05, 9.102981779915228e-05, 0.00015998587196060574, 0.0002811768697974231, 0.0004941713361323833, 0.000868511373751352, 0.0015264179671752333, 0.0026826957952797246, 0.004714866363457394, 0.008286427728546842, 0.014563484775012445, 0.025595479226995333, 0.04498432668969444, 0.07906043210907701, 0.1389495494373136, 0.244205309454865, 0.42919342601287785, 0.7543120063354607, 1.325711365590108, 2.329951810515372, 4.094915062380427, 7.196856730011514, 12.648552168552959, 22.229964825261955, 39.06939937054613, 68.66488450042998, 120.67926406393264, 212.09508879201925, 372.7593720314938, 655.1285568595496, 1151.3953993264481, 2023.5896477251556, 3556.4803062231213, 6250.551925273976, 10985.411419875572, 19306.977288832455, 33932.217718953296, 59636.23316594637, 104811.3134154683, 184206.99693267164, 323745.754281764, 568986.6029018281, 1000000.0],