{"RMSE_train_Ridge": [1.4961422429172453, 1.4961422429172455, 1.496142242917246, 1.4961422429172473, 1.4961422429172513, 1.4961422429172637, 1.4961422429173021, 1.4961422429174207, 1.4961422429177869, 1.4961422429189177, 1.496142242922411, 1.496142242933201, 1.4961422429665296, 1.4961422430694749, 1.496142243387446, 1.4961422443695553, 1.496142247402845, 1.496142256770615, 1.496142285697574, 1.4961423750016694, 1.4961426505944768, 1.4961435004832837, 1.4961461182184672, 1.4961541638216296, 1.496178799333651, 1.4962537400483311, 1.496479125279289, 1.4971437883469862, 1.4990395332979318, 1.5041555406589617, 1.516800837071735, 1.544247259110144, 1.594406796814766, 1.6699864777970932, 1.7660664601399916, 1.8770435300343484, 2.006042265570956, 2.168730674495068, 2.3945497054645757, 2.7346299783905934, 3.2765959725741625, 4.13973328340013, 5.409876677665634, 7.038044208649174, 8.809997969987982, 10.446239253522887, 11.751527279273251, 12.678603511577736, 13.284477840485298, 13.659252749833792], "RMSE_test_Ridge": [2.0855495126275003, 2.085549494303356, 2.0855494620984802, 2.085549405498071, 2.085549306022264, 2.085549131192512, 2.0855488239274766, 2.0855482839062582, 2.0855473348143003, 2.085545666778405, 2.0855427351978033, 2.085537582945277, 2.085528527904106, 2.0855126138738456, 2.0854846457257046, 2.0854354942779945, 2.0853491189501785, 2.0851973407692044, 2.0849306735434725, 2.084462264092109, 2.0836398352490524, 2.0821968937104827, 2.079668571297477, 2.0752486008352555, 2.0675528377080457, 2.0542485477807086, 2.0315358509403514, 1.993617595529065, 1.9327985765523443, 1.8421561811974567, 1.7249929189991773, 1.6151056634686307, 1.5931303719915113, 1.742055123220496, 2.058885047289787, 2.4820215855276255, 2.9844978125861137, 3.5967951228572, 4.367688727992438, 5.313231321814229, 6.401075678339343, 7.58145639934616, 8.817752201480346, 10.070237953432747, 11.262178074903362, 12.29217065643998, 13.089809222368574, 13.64928913969423, 14.01303674450613, 14.237545468300741], "RMSE_val_Ridge": [1.4268876440570868, 1.426887642740548, 1.4268876404267168, 1.4268876363601346, 1.4268876292130757, 1.4268876166520508, 1.4268875945759372, 1.4268875557769987, 1.4268874875876552, 1.4268873677447875, 1.4268871571216126, 1.4268867869551332, 1.4268861364021102, 1.4268849931053924, 1.4268829839257302, 1.4268794533161655, 1.4268732499156682, 1.4268623525717485, 1.4268432164246552, 1.426809633986475, 1.4267507653415712, 1.4266477741874886, 1.4264682158979345, 1.4261570889967885, 1.4256238636156033, 1.424727829242153, 1.4232756022613733, 1.4210790547378276, 1.4182045744221317, 1.415675897749092, 1.4168658922110504, 1.4289088420326737, 1.4614021305023774, 1.5205213888451612, 1.6047715701342344, 1.7103266785439384, 1.8406349434860545, 2.010927311763415, 2.2491968129036346, 2.6031829416269394, 3.155443361889865, 4.02145928883798, 5.287063165050977, 6.905692685336083, 8.665852301908844, 10.290549570420975, 11.586306428018203, 12.506470170219053, 13.107770465717437, 13.479695445812332], "RMSE_train_Lasso": [1.4961423656487758, 1.4961426220157148, 1.4961434138928154, 1.4961458598746795, 1.496153415104846, 1.4961767517882416, 1.4962488328548316, 1.4964714580707548, 1.4971291193647605, 1.4988046641153967, 1.503968371844602, 1.5198074712855612, 1.5677217462547806, 1.699063425370566, 1.9205008531440857, 2.2016600872491385, 2.3918908188989008, 2.6872939440634114, 3.104395780744107, 3.4067271633988963, 3.7216247596059056, 4.558949528938509, 6.395406820717665, 7.979075576587011, 11.575032433867275, 14.191830734597271, 14.191830734597271, 14.191830734597271, 14.191830734597271, 14.191830734597271, 14.191830734597271, 14.191830734597271, 14.191830734597271, 14.191830734597271, 14.191830734597271, 14.191830734597271, 14.191830734597271, 14.191830734597271, 14.191830734597271, 14.191830734597271, 14.191830734597271, 14.191830734597271, 14.191830734597271, 14.191830734597271, 14.191830734597271, 14.191830734597271, 14.191830734597271, 14.191830734597271, 14.191830734597271, 14.191830734597271], "RMSE_test_Lasso": [2.0849183107316267, 2.0844408505074874, 2.083603173154342, 2.0821354746180156, 2.079569998894029, 2.075104631515804, 2.067391975998165, 2.0542599294707755, 2.0316254231418394, 1.987197906955405, 1.91780387529874, 1.8259129935730443, 1.7713922340721644, 2.0282155303601503, 2.667889682469484, 3.529829805185808, 4.147259900080983, 5.366141367207458, 7.452974970864558, 8.643077698232563, 9.214274399273629, 10.338533016207153, 12.402405754711003, 12.622108795244825, 13.58283592215241, 14.55615216134356, 14.55615216134356, 14.55615216134356, 14.55615216134356, 14.55615216134356, 14.55615216134356, 14.55615216134356, 14.55615216134356, 14.55615216134356, 14.55615216134356, 14.55615216134356, 14.55615216134356, 14.55615216134356, 14.55615216134356, 14.55615216134356, 14.55615216134356, 14.55615216134356, 14.55615216134356, 14.55615216134356, 14.55615216134356, 14.55615216134356, 14.55615216134356, 14.55615216134356, 14.55615216134356, 14.55615216134356], "RMSE_val_Lasso": [1.426862368412282, 1.4268433806953822, 1.4268103441675901, 1.4267533156833476, 1.4266562804566292, 1.4264956047116264, 1.4262436970419479, 1.425895172510198, 1.4255106009059144, 1.4250632895240558, 1.4265272500299981, 1.4360131388262232, 1.4734543567549552, 1.5871795557213135, 1.7861325978712492, 2.0570558013356646, 2.266647660149325, 2.590458999155553, 3.078025453905366, 3.400379605613818, 3.7017577911219517, 4.533416829728575, 6.384614001977429, 7.908448880637866, 11.429151749785852, 14.00819815419292, 14.00819815419292, 14.00819815419292, 14.00819815419292, 14.00819815419292, 14.00819815419292, 14.00819815419292, 14.00819815419292, 14.00819815419292, 14.00819815419292, 14.00819815419292, 14.00819815419292, 14.00819815419292, 14.00819815419292, 14.00819815419292, 14.00819815419292, 14.00819815419292, 14.00819815419292, 14.00819815419292, 14.00819815419292, 14.00819815419292, 14.00819815419292, 14.00819815419292, 14.00819815419292, 14.00819815419292], "alphas": [1e-06, 1.757510624854793e-06, 3.0888435964774785e-06, 5.428675439323859e-06, 9.540954763499944e-06, 1.67683293681101e-05, 2.94705170255181e-05, 5.1794746792312125e-05, 9.102981779915228e-05, 0.00015998587196060574, 0.0002811768697974231, 0.0004941713361323833, 0.000868511373751352, 0.0015264179671752333, 0.0026826957952797246, 0.004714866363457394, 0.008286427728546842, 0.014563484775012445, 0.025595479226995333, 0.04498432668969444, 0.07906043210907701, 0.1389495494373136, 0.244205309454865, 0.42919342601287785, 0.7543120063354607, 1.325711365590108, 2.329951810515372, 4.094915062380427, 7.196856730011514, 12.648552168552959, 22.229964825261955, 39.06939937054613, 68.66488450042998, 120.67926406393264, 212.09508879201925, 372.7593720314938, 655.1285568595496, 1151.3953993264481, 2023.5896477251556, 3556.4803062231213, 6250.551925273976, 10985.411419875572, 19306.977288832455, 33932.217718953296, 59636.23316594637, 104811.3134154683, 184206.99693267164, 323745.754281764, 568986.6029018281, 1000000.0],