{"RMSE_train_Ridge": [1.4204600578373214, 1.4204600578373219, 1.4204600578373228, 1.4204600578373263, 1.4204600578373365, 1.4204600578373687, 1.420460057837468, 1.4204600578377744, 1.420460057838721, 1.4204600578416444, 1.420460057850675, 1.4204600578785682, 1.4204600579647226, 1.4204600582308209, 1.4204600590526546, 1.4204600615906136, 1.4204600694269511, 1.420460093615795, 1.420460168242608, 1.4204603982730317, 1.4204611062098942, 1.4204632789942193, 1.4204699161580452, 1.4204900267880691, 1.4205501366135613, 1.420725854961043, 1.4212221889467427, 1.4225571448255416, 1.4259298843827193, 1.4338569605862757, 1.4509931368492857, 1.484222987053341, 1.5400222151184988, 1.6195409639416263, 1.7177387985666013, 1.8301875210746614, 1.9610989746121101, 2.1266060353214384, 2.356399155801084, 2.7020976467059703, 3.2517415831900487, 4.12373295508054, 5.401093481488691, 7.0315387825792435, 8.799500037616696, 10.427245852059022, 11.722881181409365, 12.641682792936786, 13.241546212180031, 13.612371881331761], "RMSE_test_Ridge": [1.9502354033002167, 1.9502353827602565, 1.9502353466610287, 1.9502352832161567, 1.9502351717113007, 1.9502349757404647, 1.950234631320029, 1.9502340259984363, 1.9502329621431698, 1.9502310924172626, 1.95022780638886, 1.950222031265665, 1.9502118817548917, 1.950194044900206, 1.9501626995833357, 1.9501076195668998, 1.9500108458345173, 1.9498408575029729, 1.94954238660156, 1.9490187001077706, 1.9481010193045167, 1.9464964714755826, 1.9437017056048596, 1.9388660066746082, 1.9305928819929121, 1.9167027471339293, 1.8940787576742188, 1.8589101827226375, 1.8078705445174912, 1.7409744112948538, 1.6675524566283721, 1.616947001797515, 1.6446867621557693, 1.803860066676263, 2.0957523196481036, 2.4846293623131874, 2.958287546048163, 3.5496231036915247, 4.305810240148655, 5.24178111229072, 6.325361316066302, 7.507227458840867, 8.749865667110287, 10.010200284751756, 11.207188154625106, 12.237613332483791, 13.032504318800811, 13.58836825301578, 13.949018361743521, 14.1713252725096], "RMSE_val_Ridge": [1.4013121667616975, 1.4013121679269935, 1.4013121699750177, 1.401312173574448, 1.4013121799004788, 1.4013121910185646, 1.4013122105587534, 1.40131224490096, 1.4013123052580978, 1.4013124113375042, 1.4013125977765577, 1.4013129254555883, 1.4013135013871139, 1.4013145136921987, 1.4013162931358056, 1.4013194214737295, 1.401324922483745, 1.4013345995850854, 1.4013516349914157, 1.4013816604560145, 1.4014346931495476, 1.4015287010098147, 1.4016963520749823, 1.4019982644163569, 1.4025500643085282, 1.403579219476137, 1.4055439030631953, 1.4093679712639742, 1.4168536586551983, 1.4312738339514484, 1.4578575052597251, 1.503060652806676, 1.5710981934718358, 1.659626935992328, 1.7611408163731856, 1.8712449231272257, 1.9958546598844755, 2.152800058997682, 2.3723684687924744, 2.7055437644286293, 3.240568126041465, 4.100528621117568, 5.376051567870867, 7.017718533088174, 8.80547857075514, 10.454496793154156, 11.767975631691217, 12.69964263469497, 13.30794278977885, 13.683987520063019], "RMSE_train_Lasso": [1.4204605411634974, 1.4204615493076267, 1.4204646581302862, 1.4204742347316912, 1.4205039187230066, 1.4205826800450896, 1.4208207423760841, 1.421535013568631, 1.4236201222005906, 1.4282881351281367, 1.4339470151939075, 1.4539801397068697, 1.5119324833366443, 1.563377571867657, 1.5966111353631236, 1.6720435203780037, 1.7878471778699705, 2.0494511724447415, 2.2513880893708995, 2.764379137455744, 3.9483945844939106, 6.335516824744898, 10.572396228720324, 14.139041004916145, 14.139041004916145, 14.139041004916145, 14.139041004916145, 14.139041004916145, 14.139041004916145, 14.139041004916145, 14.139041004916145, 14.139041004916145, 14.139041004916145, 14.139041004916145, 14.139041004916145, 14.139041004916145, 14.139041004916145, 14.139041004916145, 14.139041004916145, 14.139041004916145, 14.139041004916145, 14.139041004916145, 14.139041004916145, 14.139041004916145, 14.139041004916145, 14.139041004916145, 14.139041004916145, 14.139041004916145, 14.139041004916145, 14.139041004916145], "RMSE_test_Lasso": [1.9487718470078785, 1.9476651118529504, 1.9457236068282446, 1.9423220319177212, 1.936341232566007, 1.9278115717838862, 1.913369788833606, 1.8887712239009327, 1.8481784342818837, 1.792231878675204, 1.7420781218730246, 1.6606088147175813, 1.6248205792042796, 1.7263974885319204, 1.6317616680831557, 1.5232075600325847, 1.5144415593115412, 1.600667125964854, 1.970955599487836, 2.7642086225209597, 4.309967368262533, 7.153970246767943, 11.248161882864522, 14.48643302223794, 14.48643302223794, 14.48643302223794, 14.48643302223794, 14.48643302223794, 14.48643302223794, 14.48643302223794, 14.48643302223794, 14.48643302223794, 14.48643302223794, 14.48643302223794, 14.48643302223794, 14.48643302223794, 14.48643302223794, 14.48643302223794, 14.48643302223794, 14.48643302223794, 14.48643302223794, 14.48643302223794, 14.48643302223794, 14.48643302223794, 14.48643302223794, 14.48643302223794, 14.48643302223794, 14.48643302223794, 14.48643302223794, 14.48643302223794], "RMSE_val_Lasso": [1.4012902318949951, 1.4012742757164833, 1.4012475824737352, 1.4012048462082813, 1.4011416911553027, 1.4012306933454217, 1.4014993738104946, 1.4023338620142747, 1.4050076495793127, 1.4100391124970533, 1.413088716506142, 1.4307659958650782, 1.4915552946629027, 1.5431132022373342, 1.5793266037711695, 1.6621891837789669, 1.7755994157915218, 2.0249281858299777, 2.218411001585354, 2.725955943447994, 3.9149695677539533, 6.322169086653671, 10.611807670662047, 14.218064680398324, 14.218064680398324, 14.218064680398324, 14.218064680398324, 14.218064680398324, 14.218064680398324, 14.218064680398324, 14.218064680398324, 14.218064680398324, 14.218064680398324, 14.218064680398324, 14.218064680398324, 14.218064680398324, 14.218064680398324, 14.218064680398324, 14.218064680398324, 14.218064680398324, 14.218064680398324, 14.218064680398324, 14.218064680398324, 14.218064680398324, 14.218064680398324, 14.218064680398324, 14.218064680398324, 14.218064680398324, 14.218064680398324, 14.218064680398324], "alphas": [1e-06, 1.757510624854793e-06, 3.0888435964774785e-06, 5.428675439323859e-06, 9.540954763499944e-06, 1.67683293681101e-05, 2.94705170255181e-05, 5.1794746792312125e-05, 9.102981779915228e-05, 0.00015998587196060574, 0.0002811768697974231, 0.0004941713361323833, 0.000868511373751352, 0.0015264179671752333, 0.0026826957952797246, 0.004714866363457394, 0.008286427728546842, 0.014563484775012445, 0.025595479226995333, 0.04498432668969444, 0.07906043210907701, 0.1389495494373136, 0.244205309454865, 0.42919342601287785, 0.7543120063354607, 1.325711365590108, 2.329951810515372, 4.094915062380427, 7.196856730011514, 12.648552168552959, 22.229964825261955, 39.06939937054613, 68.66488450042998, 120.67926406393264, 212.09508879201925, 372.7593720314938, 655.1285568595496, 1151.3953993264481, 2023.5896477251556, 3556.4803062231213, 6250.551925273976, 10985.411419875572, 19306.977288832455, 33932.217718953296, 59636.23316594637, 104811.3134154683, 184206.99693267164, 323745.754281764, 568986.6029018281, 1000000.0],